{"profile": "tabular-data-package", "resources": [{"path": "data/marc_records.csv", "profile": "tabular-data-resource", "name": "marc_records", "format": "csv", "mediatype": "text/csv", "encoding": "utf-8", "schema": {"fields": [{"name": "title", "type": "string", "format": "default"}, {"name": "author", "type": "string", "format": "default"}, {"name": "place_production", "type": "string", "format": "default"}, {"name": "date", "type": "integer", "format": "default"}, {"name": "extents", "type": "string", "format": "default"}, {"name": "credits_note", "type": "string", "format": "default"}, {"name": "subjects", "type": "string", "format": "default"}, {"name": "summary", "type": "string", "format": "default"}, {"name": "detail", "type": "string", "format": "default"}, {"name": "link", "type": "string", "format": "default"}], "missingValues": [""]}}]}